
insert into user(id, nickname, email, password, signature, ex, sex, create_time, phone, status, avatar) VALUES
(1,"夏效雷","xiaxia1@163.com","123","初心夏效雷",100,1,now() ,"110",1,null );
insert into user(id, nickname, email, password, signature, ex, sex, create_time, phone, status, avatar) VALUES
  (2,"夏效雷2","xiaxia2@163.com","123","初心夏效雷",100,1,now() ,"110",1,null );
insert into user(id, nickname, email, password, signature, ex, sex, create_time, phone, status, avatar) VALUES
  (3,"夏效雷3","xiaxia3@163.com","123","初心夏效雷",100,1,now() ,"110",1,null );
insert into user(id, nickname, email, password, signature, ex, sex, create_time, phone, status, avatar) VALUES
  (4,"夏效雷4","xiaxia4@163.com","123","初心夏效雷",100,1,now() ,"110",1,null );
insert into user(id, nickname, email, password, signature, ex, sex, create_time, phone, status, avatar) VALUES
  (5,"夏效雷5","xiaxia5@163.com","123","初心夏效雷",100,1,now() ,"110",1,null );
insert into user(id, nickname, email, password, signature, ex, sex, create_time, phone, status, avatar) VALUES
  (6,"夏效雷6","xiaxia6@163.com","123","初心夏效雷",100,1,now() ,"110",1,null );
insert into user(id, nickname, email, password, signature, ex, sex, create_time, phone, status, avatar) VALUES
  (7,"夏效雷7","xiaxia7@163.com","123","初心夏效雷",100,1,now() ,"110",1,null );
insert into user(id, nickname, email, password, signature, ex, sex, create_time, phone, status, avatar) VALUES
  (8,"夏效雷8","xiaxia8@163.com","123","初心夏效雷",100,1,now() ,"110",1,null );
insert into user(id, nickname, email, password, signature, ex, sex, create_time, phone, status, avatar) VALUES
  (9,"夏效雷9","xiaxia9@163.com","123","初心夏效雷",100,1,now() ,"110",1,null );
insert into user(id, nickname, email, password, signature, ex, sex, create_time, phone, status, avatar) VALUES
  (10,"夏效雷10","xiaxia10@163.com","123","初心夏效雷",100,1,now() ,"110",1,null );
insert into user(id, nickname, email, password, signature, ex, sex, create_time, phone, status, avatar) VALUES
  (11,"夏效雷11","xiaxia11@163.com","123","初心夏效雷",100,1,now() ,"110",1,null );
insert into user(id, nickname, email, password, signature, ex, sex, create_time, phone, status, avatar) VALUES
  (12,"夏效雷12","xiaxia12@163.com","123","初心夏效雷",100,1,now() ,"110",1,null );
insert into user(id, nickname, email, password, signature, ex, sex, create_time, phone, status, avatar) VALUES
  (13,"夏效雷13","xiaxia13@163.com","123","初心夏效雷",100,1,now() ,"110",1,null );
insert into user(id, nickname, email, password, signature, ex, sex, create_time, phone, status, avatar) VALUES
  (14,"夏效雷14","xiaxia14@163.com","123","初心夏效雷",100,1,now() ,"110",1,null );
insert into user(id, nickname, email, password, signature, ex, sex, create_time, phone, status, avatar) VALUES
  (15,"夏效雷15","xiaxia15@163.com","123","初心夏效雷",100,1,now() ,"110",1,null );

insert into user(id, nickname, email, password, signature, ex, sex, create_time, phone, status, avatar) VALUES
  (16,"贺湧钧","hehe1@163.com","123","初心贺湧钧",100,1,now() ,"110",1,null );
insert into user(id, nickname, email, password, signature, ex, sex, create_time, phone, status, avatar) VALUES
  (17,"贺湧钧2","hehe2@163.com","123","初心贺湧钧",100,1,now() ,"110",1,null );
insert into user(id, nickname, email, password, signature, ex, sex, create_time, phone, status, avatar) VALUES
  (18,"贺湧钧3","hehe3@163.com","123","初心贺湧钧",100,1,now() ,"110",1,null );
insert into user(id, nickname, email, password, signature, ex, sex, create_time, phone, status, avatar) VALUES
  (19,"贺湧钧4","hehe4@163.com","123","初心贺湧钧",100,1,now() ,"110",1,null );
insert into user(id, nickname, email, password, signature, ex, sex, create_time, phone, status, avatar) VALUES
  (20,"贺湧钧5","hehe5@163.com","123","初心贺湧钧",100,1,now() ,"110",1,null );
insert into user(id, nickname, email, password, signature, ex, sex, create_time, phone, status, avatar) VALUES
  (21,"贺湧钧6","hehe6@163.com","123","初心贺湧钧",100,1,now() ,"110",1,null );
insert into user(id, nickname, email, password, signature, ex, sex, create_time, phone, status, avatar) VALUES
  (22,"贺湧钧7","hehe7@163.com","123","初心贺湧钧",100,1,now() ,"110",1,null );
insert into user(id, nickname, email, password, signature, ex, sex, create_time, phone, status, avatar) VALUES
  (23,"贺湧钧8","hehe8@163.com","123","初心贺湧钧",100,1,now() ,"110",1,null );
insert into user(id, nickname, email, password, signature, ex, sex, create_time, phone, status, avatar) VALUES
  (24,"贺湧钧9","hehe9@163.com","123","初心贺湧钧",100,1,now() ,"110",1,null );
insert into user(id, nickname, email, password, signature, ex, sex, create_time, phone, status, avatar) VALUES
  (25,"贺湧钧10","hehe10@163.com","123","初心贺湧钧",100,1,now() ,"110",1,null );
insert into user(id, nickname, email, password, signature, ex, sex, create_time, phone, status, avatar) VALUES
  (26,"贺湧钧11","hehe11@163.com","123","初心贺湧钧",100,1,now() ,"110",1,null );
insert into user(id, nickname, email, password, signature, ex, sex, create_time, phone, status, avatar) VALUES
  (27,"贺湧钧12","hehe12@163.com","123","初心贺湧钧",100,1,now() ,"110",1,null );
insert into user(id, nickname, email, password, signature, ex, sex, create_time, phone, status, avatar) VALUES
  (28,"贺湧钧13","hehe13@163.com","123","初心贺湧钧",100,1,now() ,"110",1,null );
insert into user(id, nickname, email, password, signature, ex, sex, create_time, phone, status, avatar) VALUES
  (29,"贺湧钧14","hehe14@163.com","123","初心贺湧钧",100,1,now() ,"110",1,null );
insert into user(id, nickname, email, password, signature, ex, sex, create_time, phone, status, avatar) VALUES
  (30,"贺湧钧15","hehe15@163.com","123","初心贺湧钧",100,1,now() ,"110",1,null );

insert into user(id, nickname, email, password, signature, ex, sex, create_time, phone, status, avatar) VALUES
  (31,"高子彭","gaogao1@163.com","123","初心高子彭",100,1,now() ,"110",1,null );
insert into user(id, nickname, email, password, signature, ex, sex, create_time, phone, status, avatar) VALUES
  (32,"高子彭1","gaogao2@163.com","123","初心高子彭",100,1,now() ,"110",1,null );
insert into user(id, nickname, email, password, signature, ex, sex, create_time, phone, status, avatar) VALUES
  (33,"高子彭2","gaogao3@163.com","123","初心高子彭",100,1,now() ,"110",1,null );
insert into user(id, nickname, email, password, signature, ex, sex, create_time, phone, status, avatar) VALUES
  (34,"高子彭3","gaogao4@163.com","123","初心高子彭",100,1,now() ,"110",1,null );
insert into user(id, nickname, email, password, signature, ex, sex, create_time, phone, status, avatar) VALUES
  (35,"高子彭4","gaogao5@163.com","123","初心高子彭",100,1,now() ,"110",1,null );
insert into user(id, nickname, email, password, signature, ex, sex, create_time, phone, status, avatar) VALUES
  (36,"高子彭5","gaogao6@163.com","123","初心高子彭",100,1,now() ,"110",1,null );
insert into user(id, nickname, email, password, signature, ex, sex, create_time, phone, status, avatar) VALUES
  (37,"高子彭6","gaogao7@163.com","123","初心高子彭",100,1,now() ,"110",1,null );
insert into user(id, nickname, email, password, signature, ex, sex, create_time, phone, status, avatar) VALUES
  (38,"高子彭7","gaogao8@163.com","123","初心高子彭",100,1,now() ,"110",1,null );
insert into user(id, nickname, email, password, signature, ex, sex, create_time, phone, status, avatar) VALUES
  (39,"高子彭8","gaogao9@163.com","123","初心高子彭",100,1,now() ,"110",1,null );
insert into user(id, nickname, email, password, signature, ex, sex, create_time, phone, status, avatar) VALUES
  (40,"高子彭9","gaogao10@163.com","123","初心高子彭",100,1,now() ,"110",1,null );
insert into user(id, nickname, email, password, signature, ex, sex, create_time, phone, status, avatar) VALUES
  (41,"高子彭10","gaogao11@163.com","123","初心高子彭",100,1,now() ,"110",1,null );
insert into user(id, nickname, email, password, signature, ex, sex, create_time, phone, status, avatar) VALUES
  (42,"高子彭11","gaogao12@163.com","123","初心高子彭",100,1,now() ,"110",1,null );
insert into user(id, nickname, email, password, signature, ex, sex, create_time, phone, status, avatar) VALUES
  (43,"高子彭12","gaogao13@163.com","123","初心高子彭",100,1,now() ,"110",1,null );
insert into user(id, nickname, email, password, signature, ex, sex, create_time, phone, status, avatar) VALUES
  (44,"高子彭13","gaogao14@163.com","123","初心高子彭",100,1,now() ,"110",1,null );
insert into user(id, nickname, email, password, signature, ex, sex, create_time, phone, status, avatar) VALUES
  (45,"高子彭14","gaogao15@163.com","123","初心高子彭",100,1,now() ,"110",1,null );

insert into user(id, nickname, email, password, signature, ex, sex, create_time, phone, status, avatar) VALUES
  (46,"李宏渺","miaomiao@163.com","123","初心李宏渺",100,1,now() ,"110",1,null );
insert into user(id, nickname, email, password, signature, ex, sex, create_time, phone, status, avatar) VALUES
  (47,"李宏渺2","miaomiao1@163.com","123","初心李宏渺",100,1,now() ,"110",1,null );
insert into user(id, nickname, email, password, signature, ex, sex, create_time, phone, status, avatar) VALUES
  (48,"李宏渺3","miaomiao2@163.com","123","初心李宏渺",100,1,now() ,"110",1,null );
insert into user(id, nickname, email, password, signature, ex, sex, create_time, phone, status, avatar) VALUES
  (49,"李宏渺4","miaomiao3@163.com","123","初心李宏渺",100,1,now() ,"110",1,null );
insert into user(id, nickname, email, password, signature, ex, sex, create_time, phone, status, avatar) VALUES
  (50,"李宏渺5","miaomiao4@163.com","123","初心李宏渺",100,1,now() ,"110",1,null );
insert into user(id, nickname, email, password, signature, ex, sex, create_time, phone, status, avatar) VALUES
  (51,"李宏渺6","miaomiao5@163.com","123","初心李宏渺",100,1,now() ,"110",1,null );
insert into user(id, nickname, email, password, signature, ex, sex, create_time, phone, status, avatar) VALUES
  (52,"李宏渺7","miaomiao6@163.com","123","初心李宏渺",100,1,now() ,"110",1,null );
insert into user(id, nickname, email, password, signature, ex, sex, create_time, phone, status, avatar) VALUES
  (53,"李宏渺8","miaomiao7@163.com","123","初心李宏渺",100,1,now() ,"110",1,null );
insert into user(id, nickname, email, password, signature, ex, sex, create_time, phone, status, avatar) VALUES
  (54,"李宏渺9","miaomiao8@163.com","123","初心李宏渺",100,1,now() ,"110",1,null );
insert into user(id, nickname, email, password, signature, ex, sex, create_time, phone, status, avatar) VALUES
  (55,"李宏渺10","miaomiao9@163.com","123","初心李宏渺",100,1,now() ,"110",1,null );
insert into user(id, nickname, email, password, signature, ex, sex, create_time, phone, status, avatar) VALUES
  (56,"李宏渺11","miaomiao10@163.com","123","初心李宏渺",100,1,now() ,"110",1,null );
insert into user(id, nickname, email, password, signature, ex, sex, create_time, phone, status, avatar) VALUES
  (57,"李宏渺12","miaomiao11@163.com","123","初心李宏渺",100,1,now() ,"110",1,null );
insert into user(id, nickname, email, password, signature, ex, sex, create_time, phone, status, avatar) VALUES
  (58,"李宏渺13","miaomiao12@163.com","123","初心李宏渺",100,1,now() ,"110",1,null );
insert into user(id, nickname, email, password, signature, ex, sex, create_time, phone, status, avatar) VALUES
  (59,"李宏渺14","miaomiao13@163.com","123","初心李宏渺",100,1,now() ,"110",1,null );
insert into user(id, nickname, email, password, signature, ex, sex, create_time, phone, status, avatar) VALUES
  (60,"李宏渺15","miaomiao14@163.com","123","初心李宏渺",100,1,now() ,"110",1,null );


insert into post(id, title, content, user_id, type, topping, create_time, view, section_id, last_modify, brief, comment_num) VALUES
  (1,"小雷c位出道！我不是水军01",null,1,1,0,now(),100,1,now(),"5毛一条",1);
insert into post(id, title, content, user_id, type, topping, create_time, view, section_id, last_modify, brief, comment_num) VALUES
  (2,"小雷c位出道！我不是水军02",null,2,1,0,now(),100,1,now(),"5毛一条",1);
insert into post(id, title, content, user_id, type, topping, create_time, view, section_id, last_modify, brief, comment_num) VALUES
  (3,"小雷c位出道！我不是水军03",null,3,1,0,now(),100,1,now(),"5毛一条",1);
insert into post(id, title, content, user_id, type, topping, create_time, view, section_id, last_modify, brief, comment_num) VALUES
  (4,"小雷c位出道！我不是水军04",null,4,1,0,now(),100,1,now(),"5毛一条",1);
insert into post(id, title, content, user_id, type, topping, create_time, view, section_id, last_modify, brief, comment_num) VALUES
  (5,"小雷c位出道！我不是水军05",null,5,1,0,now(),100,1,now(),"5毛一条",1);
insert into post(id, title, content, user_id, type, topping, create_time, view, section_id, last_modify, brief, comment_num) VALUES
  (6,"小雷c位出道！我不是水军06",null,6,1,0,now(),100,1,now(),"5毛一条",1);
insert into post(id, title, content, user_id, type, topping, create_time, view, section_id, last_modify, brief, comment_num) VALUES
  (7,"小雷c位出道！我不是水军07",null,7,1,0,now(),100,1,now(),"5毛一条",1);
insert into post(id, title, content, user_id, type, topping, create_time, view, section_id, last_modify, brief, comment_num) VALUES
  (8,"小雷c位出道！我不是水军08",null,8,1,0,now(),100,1,now(),"5毛一条",1);
insert into post(id, title, content, user_id, type, topping, create_time, view, section_id, last_modify, brief, comment_num) VALUES
  (9,"小雷c位出道！我不是水军09",null,9,1,0,now(),100,1,now(),"5毛一条",1);
insert into post(id, title, content, user_id, type, topping, create_time, view, section_id, last_modify, brief, comment_num) VALUES
  (10,"小雷c位出道！我不是水军10",null,10,1,0,now(),100,1,now(),"5毛一条",1);
insert into post(id, title, content, user_id, type, topping, create_time, view, section_id, last_modify, brief, comment_num) VALUES
  (11,"小雷c位出道！我不是水军11",null,11,1,0,now(),100,1,now(),"5毛一条",1);
insert into post(id, title, content, user_id, type, topping, create_time, view, section_id, last_modify, brief, comment_num) VALUES
  (12,"小雷c位出道！我不是水军12",null,12,1,0,now(),100,1,now(),"5毛一条",1);
insert into post(id, title, content, user_id, type, topping, create_time, view, section_id, last_modify, brief, comment_num) VALUES
  (13,"小雷c位出道！我不是水军13",null,13,1,0,now(),100,1,now(),"5毛一条",1);
insert into post(id, title, content, user_id, type, topping, create_time, view, section_id, last_modify, brief, comment_num) VALUES
  (14,"小雷c位出道！我不是水军14",null,14,1,0,now(),100,1,now(),"5毛一条",1);
insert into post(id, title, content, user_id, type, topping, create_time, view, section_id, last_modify, brief, comment_num) VALUES
  (15,"小雷c位出道！我不是水军15",null,15,1,0,now(),100,1,now(),"5毛一条",1);

insert into post(id, title, content, user_id, type, topping, create_time, view, section_id, last_modify, brief, comment_num) VALUES
(16,"湧钧c位出道！我不是水军1",null,16,1,0,now(),100,2,now(),"5毛一条",1);
insert into post(id, title, content, user_id, type, topping, create_time, view, section_id, last_modify, brief, comment_num) VALUES
  (17,"湧钧c位出道！我不是水军2",null,17,1,0,now(),100,2,now(),"5毛一条",1);
insert into post(id, title, content, user_id, type, topping, create_time, view, section_id, last_modify, brief, comment_num) VALUES
  (18,"湧钧c位出道！我不是水军3",null,18,1,0,now(),100,2,now(),"5毛一条",1);
insert into post(id, title, content, user_id, type, topping, create_time, view, section_id, last_modify, brief, comment_num) VALUES
  (19,"湧钧c位出道！我不是水军4",null,19,1,0,now(),100,2,now(),"5毛一条",1);
insert into post(id, title, content, user_id, type, topping, create_time, view, section_id, last_modify, brief, comment_num) VALUES
  (20,"湧钧c位出道！我不是水军5",null,20,1,0,now(),100,2,now(),"5毛一条",1);
insert into post(id, title, content, user_id, type, topping, create_time, view, section_id, last_modify, brief, comment_num) VALUES
  (21,"湧钧c位出道！我不是水军6",null,21,1,0,now(),100,2,now(),"5毛一条",1);
insert into post(id, title, content, user_id, type, topping, create_time, view, section_id, last_modify, brief, comment_num) VALUES
  (22,"湧钧c位出道！我不是水军7",null,22,1,0,now(),100,2,now(),"5毛一条",1);
insert into post(id, title, content, user_id, type, topping, create_time, view, section_id, last_modify, brief, comment_num) VALUES
  (23,"湧钧c位出道！我不是水军8",null,23,1,0,now(),100,2,now(),"5毛一条",1);
insert into post(id, title, content, user_id, type, topping, create_time, view, section_id, last_modify, brief, comment_num) VALUES
  (24,"湧钧c位出道！我不是水军9",null,24,1,0,now(),100,2,now(),"5毛一条",1);
insert into post(id, title, content, user_id, type, topping, create_time, view, section_id, last_modify, brief, comment_num) VALUES
  (25,"湧钧c位出道！我不是水军10",null,25,1,0,now(),100,2,now(),"5毛一条",1);
insert into post(id, title, content, user_id, type, topping, create_time, view, section_id, last_modify, brief, comment_num) VALUES
  (26,"湧钧c位出道！我不是水军11",null,26,1,0,now(),100,2,now(),"5毛一条",1);
insert into post(id, title, content, user_id, type, topping, create_time, view, section_id, last_modify, brief, comment_num) VALUES
  (27,"湧钧c位出道！我不是水军12",null,27,1,0,now(),100,2,now(),"5毛一条",1);
insert into post(id, title, content, user_id, type, topping, create_time, view, section_id, last_modify, brief, comment_num) VALUES
  (28,"湧钧c位出道！我不是水军13",null,28,1,0,now(),100,2,now(),"5毛一条",1);
insert into post(id, title, content, user_id, type, topping, create_time, view, section_id, last_modify, brief, comment_num) VALUES
  (29,"湧钧c位出道！我不是水军14",null,29,1,0,now(),100,2,now(),"5毛一条",1);
insert into post(id, title, content, user_id, type, topping, create_time, view, section_id, last_modify, brief, comment_num) VALUES
  (30,"湧钧c位出道！我不是水军15",null,30,1,0,now(),100,2,now(),"5毛一条",1);

insert into post(id, title, content, user_id, type, topping, create_time, view, section_id, last_modify, brief, comment_num) VALUES
  (31,"子彭c位出道！我不是水军1",null,31,1,0,now(),100,3,now(),"5毛一条",1);
insert into post(id, title, content, user_id, type, topping, create_time, view, section_id, last_modify, brief, comment_num) VALUES
  (32,"子彭c位出道！我不是水军2",null,32,1,0,now(),100,3,now(),"5毛一条",1);
insert into post(id, title, content, user_id, type, topping, create_time, view, section_id, last_modify, brief, comment_num) VALUES
  (33,"子彭c位出道！我不是水军3",null,33,1,0,now(),100,3,now(),"5毛一条",1);
insert into post(id, title, content, user_id, type, topping, create_time, view, section_id, last_modify, brief, comment_num) VALUES
  (34,"子彭c位出道！我不是水军4",null,34,1,0,now(),100,3,now(),"5毛一条",1);
insert into post(id, title, content, user_id, type, topping, create_time, view, section_id, last_modify, brief, comment_num) VALUES
  (35,"子彭c位出道！我不是水军5",null,35,1,0,now(),100,3,now(),"5毛一条",1);
insert into post(id, title, content, user_id, type, topping, create_time, view, section_id, last_modify, brief, comment_num) VALUES
  (36,"子彭c位出道！我不是水军6",null,36,1,0,now(),100,3,now(),"5毛一条",1);
insert into post(id, title, content, user_id, type, topping, create_time, view, section_id, last_modify, brief, comment_num) VALUES
  (37,"子彭c位出道！我不是水军7",null,37,1,0,now(),100,3,now(),"5毛一条",1);
insert into post(id, title, content, user_id, type, topping, create_time, view, section_id, last_modify, brief, comment_num) VALUES
  (38,"子彭c位出道！我不是水军8",null,38,1,0,now(),100,3,now(),"5毛一条",1);
insert into post(id, title, content, user_id, type, topping, create_time, view, section_id, last_modify, brief, comment_num) VALUES
  (39,"子彭c位出道！我不是水军9",null,39,1,0,now(),100,3,now(),"5毛一条",1);
insert into post(id, title, content, user_id, type, topping, create_time, view, section_id, last_modify, brief, comment_num) VALUES
  (40,"子彭c位出道！我不是水军10",null,40,1,0,now(),100,3,now(),"5毛一条",1);
insert into post(id, title, content, user_id, type, topping, create_time, view, section_id, last_modify, brief, comment_num) VALUES
  (41,"子彭c位出道！我不是水军11",null,41,1,0,now(),100,3,now(),"5毛一条",1);
insert into post(id, title, content, user_id, type, topping, create_time, view, section_id, last_modify, brief, comment_num) VALUES
  (42,"子彭c位出道！我不是水军12",null,42,1,0,now(),100,3,now(),"5毛一条",1);
insert into post(id, title, content, user_id, type, topping, create_time, view, section_id, last_modify, brief, comment_num) VALUES
  (43,"子彭c位出道！我不是水军13",null,43,1,0,now(),100,3,now(),"5毛一条",1);
insert into post(id, title, content, user_id, type, topping, create_time, view, section_id, last_modify, brief, comment_num) VALUES
  (44,"子彭c位出道！我不是水军14",null,44,1,0,now(),100,3,now(),"5毛一条",1);
insert into post(id, title, content, user_id, type, topping, create_time, view, section_id, last_modify, brief, comment_num) VALUES
  (45,"子彭c位出道！我不是水军15",null,45,1,0,now(),100,3,now(),"5毛一条",1);

insert into post(id, title, content, user_id, type, topping, create_time, view, section_id, last_modify, brief, comment_num) VALUES
  (46,"宏渺c位出道！我不是水军1",null,46,1,0,now(),100,4,now(),"5毛一条",1);
insert into post(id, title, content, user_id, type, topping, create_time, view, section_id, last_modify, brief, comment_num) VALUES
  (47,"宏渺c位出道！我不是水军2",null,47,1,0,now(),100,4,now(),"5毛一条",1);
insert into post(id, title, content, user_id, type, topping, create_time, view, section_id, last_modify, brief, comment_num) VALUES
  (48,"宏渺c位出道！我不是水军3",null,48,1,0,now(),100,4,now(),"5毛一条",1);
insert into post(id, title, content, user_id, type, topping, create_time, view, section_id, last_modify, brief, comment_num) VALUES
  (49,"宏渺c位出道！我不是水军4",null,49,1,0,now(),100,4,now(),"5毛一条",1);
insert into post(id, title, content, user_id, type, topping, create_time, view, section_id, last_modify, brief, comment_num) VALUES
  (50,"宏渺c位出道！我不是水军5",null,50,1,0,now(),100,4,now(),"5毛一条",1);
insert into post(id, title, content, user_id, type, topping, create_time, view, section_id, last_modify, brief, comment_num) VALUES
  (51,"宏渺c位出道！我不是水军6",null,51,1,0,now(),100,4,now(),"5毛一条",1);
insert into post(id, title, content, user_id, type, topping, create_time, view, section_id, last_modify, brief, comment_num) VALUES
  (52,"宏渺c位出道！我不是水军7",null,52,1,0,now(),100,4,now(),"5毛一条",1);
insert into post(id, title, content, user_id, type, topping, create_time, view, section_id, last_modify, brief, comment_num) VALUES
  (53,"宏渺c位出道！我不是水军8",null,53,1,0,now(),100,4,now(),"5毛一条",1);
insert into post(id, title, content, user_id, type, topping, create_time, view, section_id, last_modify, brief, comment_num) VALUES
  (54,"宏渺c位出道！我不是水军9",null,54,1,0,now(),100,4,now(),"5毛一条",1);
insert into post(id, title, content, user_id, type, topping, create_time, view, section_id, last_modify, brief, comment_num) VALUES
  (55,"宏渺c位出道！我不是水军10",null,55,1,0,now(),100,4,now(),"5毛一条",1);
insert into post(id, title, content, user_id, type, topping, create_time, view, section_id, last_modify, brief, comment_num) VALUES
  (56,"宏渺c位出道！我不是水军11",null,56,1,0,now(),100,4,now(),"5毛一条",1);
insert into post(id, title, content, user_id, type, topping, create_time, view, section_id, last_modify, brief, comment_num) VALUES
  (57,"宏渺c位出道！我不是水军12",null,57,1,0,now(),100,4,now(),"5毛一条",1);
insert into post(id, title, content, user_id, type, topping, create_time, view, section_id, last_modify, brief, comment_num) VALUES
  (58,"宏渺c位出道！我不是水军13",null,58,1,0,now(),100,4,now(),"5毛一条",1);
insert into post(id, title, content, user_id, type, topping, create_time, view, section_id, last_modify, brief, comment_num) VALUES
  (59,"宏渺c位出道！我不是水军14",null,59,1,0,now(),100,4,now(),"5毛一条",1);
insert into post(id, title, content, user_id, type, topping, create_time, view, section_id, last_modify, brief, comment_num) VALUES
  (60,"宏渺c位出道！我不是水军15",null,60,1,0,now(),100,4,now(),"5毛一条",1);

insert into section(id, title, announcement, partition_id) VALUES (1,"夏效雷粉丝",null ,1);
insert into section(id, title, announcement, partition_id) VALUES (2,"贺湧钧粉丝",null ,1);
insert into section(id, title, announcement, partition_id) VALUES (3,"高子彭粉丝",null ,1);
insert into section(id, title, announcement, partition_id) VALUES (4,"李宏渺粉丝",null ,1);

insert into bbs_partition (id, title) values (1,"大工101");

insert into comment (id,content, post_id, comment_id, user_id) values (1,"为小雷打call啊啊啊啊啊啊啊啊！",1,null ,2,now());
insert into comment (id,content, post_id, comment_id, user_id) values (2,"为小雷打call啊啊啊啊啊啊啊啊！",2,null ,3,now());
insert into comment (id,content, post_id, comment_id, user_id) values (3,"为小雷打call啊啊啊啊啊啊啊啊！",3,null ,4,now());
insert into comment (id,content, post_id, comment_id, user_id) values (4,"为小雷打call啊啊啊啊啊啊啊啊！",4,null ,5,now());
insert into comment (id,content, post_id, comment_id, user_id) values (5,"为小雷打call啊啊啊啊啊啊啊啊！",5,null ,6,now());
insert into comment (id,content, post_id, comment_id, user_id) values (6,"为小雷打call啊啊啊啊啊啊啊啊！",6,null ,7,now());
insert into comment (id,content, post_id, comment_id, user_id) values (7,"为小雷打call啊啊啊啊啊啊啊啊！",7,null ,8,now());
insert into comment (id,content, post_id, comment_id, user_id) values (8,"为小雷打call啊啊啊啊啊啊啊啊！",8,null ,9,now());
insert into comment (id,content, post_id, comment_id, user_id) values (9,"为小雷打call啊啊啊啊啊啊啊啊！",9,null ,10,now());
insert into comment (id,content, post_id, comment_id, user_id) values (10,"为小雷打call啊啊啊啊啊啊啊啊！",10,null ,11,now());
insert into comment (id,content, post_id, comment_id, user_id) values (11,"为小雷打call啊啊啊啊啊啊啊啊！",11,null ,12,now());
insert into comment (id,content, post_id, comment_id, user_id) values (12,"为小雷打call啊啊啊啊啊啊啊啊！",12,null ,13,now());
insert into comment (id,content, post_id, comment_id, user_id) values (13,"为小雷打call啊啊啊啊啊啊啊啊！",13,null ,14,now());
insert into comment (id,content, post_id, comment_id, user_id) values (14,"为小雷打call啊啊啊啊啊啊啊啊！",14,null ,15,now());
insert into comment (id,content, post_id, comment_id, user_id) values (15,"为小雷打call啊啊啊啊啊啊啊啊！",15,null ,1,now());

insert into comment (id,content, post_id, comment_id, user_id) values (16,"为小雷打call啊啊啊啊啊啊啊啊！",2,1 ,null ,now());
insert into comment (id,content, post_id, comment_id, user_id) values (17,"为小雷打call啊啊啊啊啊啊啊啊！",3,2 ,null,now());
insert into comment (id,content, post_id, comment_id, user_id) values (18,"为小雷打call啊啊啊啊啊啊啊啊！",4,3 ,null,now());
insert into comment (id,content, post_id, comment_id, user_id) values (19,"为小雷打call啊啊啊啊啊啊啊啊！",5,4 ,null,now());
insert into comment (id,content, post_id, comment_id, user_id) values (20,"为小雷打call啊啊啊啊啊啊啊啊！",6,5 ,null,now());
insert into comment (id,content, post_id, comment_id, user_id) values (21,"为小雷打call啊啊啊啊啊啊啊啊！",7,6 ,null,now());
insert into comment (id,content, post_id, comment_id, user_id) values (22,"为小雷打call啊啊啊啊啊啊啊啊！",8,7 ,null,now());
insert into comment (id,content, post_id, comment_id, user_id) values (23,"为小雷打call啊啊啊啊啊啊啊啊！",9,8 ,null,now());
insert into comment (id,content, post_id, comment_id, user_id) values (24,"为小雷打call啊啊啊啊啊啊啊啊！",10,9 ,null,now());
insert into comment (id,content, post_id, comment_id, user_id) values (25,"为小雷打call啊啊啊啊啊啊啊啊！",11,10 ,null,now());
insert into comment (id,content, post_id, comment_id, user_id) values (26,"为小雷打call啊啊啊啊啊啊啊啊！",12,11 ,null,now());
insert into comment (id,content, post_id, comment_id, user_id) values (27,"为小雷打call啊啊啊啊啊啊啊啊！",13,12 ,null,now());
insert into comment (id,content, post_id, comment_id, user_id) values (28,"为小雷打call啊啊啊啊啊啊啊啊！",14,13 ,null,now());
insert into comment (id,content, post_id, comment_id, user_id) values (29,"为小雷打call啊啊啊啊啊啊啊啊！",15,14 ,null,now());
insert into comment (id,content, post_id, comment_id, user_id) values (30,"为小雷打call啊啊啊啊啊啊啊啊！",1,15 ,null,now());

insert into comment (id,content, post_id, comment_id, user_id) values (31,"为湧钧打call啊啊啊啊啊啊啊啊！",16,null ,17,now());
insert into comment (id,content, post_id, comment_id, user_id) values (32,"为湧钧打call啊啊啊啊啊啊啊啊！",17,null ,18,now());
insert into comment (id,content, post_id, comment_id, user_id) values (33,"为湧钧打call啊啊啊啊啊啊啊啊！",18,null ,19,now());
insert into comment (id,content, post_id, comment_id, user_id) values (34,"为湧钧打call啊啊啊啊啊啊啊啊！",19,null ,20,now());
insert into comment (id,content, post_id, comment_id, user_id) values (35,"为湧钧打call啊啊啊啊啊啊啊啊！",20,null ,21,now());
insert into comment (id,content, post_id, comment_id, user_id) values (36,"为湧钧打call啊啊啊啊啊啊啊啊！",21,null ,22,now());
insert into comment (id,content, post_id, comment_id, user_id) values (37,"为湧钧打call啊啊啊啊啊啊啊啊！",22,null ,23,now());
insert into comment (id,content, post_id, comment_id, user_id) values (38,"为湧钧打call啊啊啊啊啊啊啊啊！",23,null ,24,now());
insert into comment (id,content, post_id, comment_id, user_id) values (39,"为湧钧打call啊啊啊啊啊啊啊啊！",24,null ,25,now());
insert into comment (id,content, post_id, comment_id, user_id) values (40,"为湧钧打call啊啊啊啊啊啊啊啊！",25,null ,26,now());
insert into comment (id,content, post_id, comment_id, user_id) values (41,"为湧钧打call啊啊啊啊啊啊啊啊！",26,null ,27,now());
insert into comment (id,content, post_id, comment_id, user_id) values (42,"为湧钧打call啊啊啊啊啊啊啊啊！",27,null ,28,now());
insert into comment (id,content, post_id, comment_id, user_id) values (43,"为湧钧打call啊啊啊啊啊啊啊啊！",28,null ,29,now());
insert into comment (id,content, post_id, comment_id, user_id) values (44,"为湧钧打call啊啊啊啊啊啊啊啊！",29,null ,30,now());
insert into comment (id,content, post_id, comment_id, user_id) values (45,"为湧钧打call啊啊啊啊啊啊啊啊！",30,null ,16,now());

insert into comment (id,content, post_id, comment_id, user_id) values (46,"为湧钧打call啊啊啊啊啊啊啊啊！",17,16 ,null ,now());
insert into comment (id,content, post_id, comment_id, user_id) values (47,"为湧钧打call啊啊啊啊啊啊啊啊！",18,17 ,null,now());
insert into comment (id,content, post_id, comment_id, user_id) values (48,"为湧钧打call啊啊啊啊啊啊啊啊！",19,18,null,now());
insert into comment (id,content, post_id, comment_id, user_id) values (49,"为湧钧打call啊啊啊啊啊啊啊啊！",20,19,null,now());
insert into comment (id,content, post_id, comment_id, user_id) values (50,"为湧钧打call啊啊啊啊啊啊啊啊！",21,20,null,now());
insert into comment (id,content, post_id, comment_id, user_id) values (51,"为湧钧打call啊啊啊啊啊啊啊啊！",22,21,null,now());
insert into comment (id,content, post_id, comment_id, user_id) values (52,"为湧钧打call啊啊啊啊啊啊啊啊！",23,22,null,now());
insert into comment (id,content, post_id, comment_id, user_id) values (53,"为湧钧打call啊啊啊啊啊啊啊啊！",24,23,null,now());
insert into comment (id,content, post_id, comment_id, user_id) values (54,"为湧钧打call啊啊啊啊啊啊啊啊！",25,24,null,now());
insert into comment (id,content, post_id, comment_id, user_id) values (55,"为湧钧打call啊啊啊啊啊啊啊啊！",26,25,null,now());
insert into comment (id,content, post_id, comment_id, user_id) values (56,"为湧钧打call啊啊啊啊啊啊啊啊！",27,26 ,null,now());
insert into comment (id,content, post_id, comment_id, user_id) values (57,"为湧钧打call啊啊啊啊啊啊啊啊！",28,27 ,null,now());
insert into comment (id,content, post_id, comment_id, user_id) values (58,"为湧钧打call啊啊啊啊啊啊啊啊！",29,28 ,null,now());
insert into comment (id,content, post_id, comment_id, user_id) values (59,"为湧钧打call啊啊啊啊啊啊啊啊！",30,29 ,null,now());
insert into comment (id,content, post_id, comment_id, user_id) values (60,"为湧钧打call啊啊啊啊啊啊啊啊！",16,30 ,null,now());

insert into comment (id,content, post_id, comment_id, user_id) values (61,"为子彭打call啊啊啊啊啊啊啊啊！",31,null ,32,now());
insert into comment (id,content, post_id, comment_id, user_id) values (62,"为子彭打call啊啊啊啊啊啊啊啊！",32,null ,33,now());
insert into comment (id,content, post_id, comment_id, user_id) values (63,"为子彭打call啊啊啊啊啊啊啊啊！",33,null ,34,now());
insert into comment (id,content, post_id, comment_id, user_id) values (64,"为子彭打call啊啊啊啊啊啊啊啊！",34,null ,35,now());
insert into comment (id,content, post_id, comment_id, user_id) values (65,"为子彭打call啊啊啊啊啊啊啊啊！",35,null ,36,now());
insert into comment (id,content, post_id, comment_id, user_id) values (66,"为子彭打call啊啊啊啊啊啊啊啊！",36,null ,37,now());
insert into comment (id,content, post_id, comment_id, user_id) values (67,"为子彭打call啊啊啊啊啊啊啊啊！",38,null ,38,now());
insert into comment (id,content, post_id, comment_id, user_id) values (68,"为子彭打call啊啊啊啊啊啊啊啊！",39,null ,39,now());
insert into comment (id,content, post_id, comment_id, user_id) values (69,"为子彭打call啊啊啊啊啊啊啊啊！",40,null ,40,now());
insert into comment (id,content, post_id, comment_id, user_id) values (70,"为子彭打call啊啊啊啊啊啊啊啊！",41,null ,41,now());
insert into comment (id,content, post_id, comment_id, user_id) values (71,"为子彭打call啊啊啊啊啊啊啊啊！",42,null ,42,now());
insert into comment (id,content, post_id, comment_id, user_id) values (72,"为子彭打call啊啊啊啊啊啊啊啊！",43,null ,43,now());
insert into comment (id,content, post_id, comment_id, user_id) values (73,"为子彭打call啊啊啊啊啊啊啊啊！",44,null ,44,now());
insert into comment (id,content, post_id, comment_id, user_id) values (74,"为子彭打call啊啊啊啊啊啊啊啊！",45,null ,45,now());
insert into comment (id,content, post_id, comment_id, user_id) values (75,"为子彭打call啊啊啊啊啊啊啊啊！",46,null ,31,now());

insert into comment (id,content, post_id, comment_id, user_id) values (76,"为子彭打call啊啊啊啊啊啊啊啊！",32,31 ,null ,now());
insert into comment (id,content, post_id, comment_id, user_id) values (77,"为子彭打call啊啊啊啊啊啊啊啊！",33,32 ,null,now());
insert into comment (id,content, post_id, comment_id, user_id) values (78,"为子彭打call啊啊啊啊啊啊啊啊！",34,33,null,now());
insert into comment (id,content, post_id, comment_id, user_id) values (79,"为子彭打call啊啊啊啊啊啊啊啊！",35,34,null,now());
insert into comment (id,content, post_id, comment_id, user_id) values (70,"为子彭打call啊啊啊啊啊啊啊啊！",36,35,null,now());
insert into comment (id,content, post_id, comment_id, user_id) values (81,"为子彭打call啊啊啊啊啊啊啊啊！",37,36,null,now());
insert into comment (id,content, post_id, comment_id, user_id) values (82,"为子彭打call啊啊啊啊啊啊啊啊！",38,37,null,now());
insert into comment (id,content, post_id, comment_id, user_id) values (83,"为子彭打call啊啊啊啊啊啊啊啊！",39,38,null,now());
insert into comment (id,content, post_id, comment_id, user_id) values (84,"为子彭打call啊啊啊啊啊啊啊啊！",40,39,null,now());
insert into comment (id,content, post_id, comment_id, user_id) values (85,"为子彭打call啊啊啊啊啊啊啊啊！",41,40,null,now());
insert into comment (id,content, post_id, comment_id, user_id) values (86,"为子彭打call啊啊啊啊啊啊啊啊！",42,41 ,null,now());
insert into comment (id,content, post_id, comment_id, user_id) values (87,"为子彭打call啊啊啊啊啊啊啊啊！",43,42 ,null,now());
insert into comment (id,content, post_id, comment_id, user_id) values (88,"为子彭打call啊啊啊啊啊啊啊啊！",44,43 ,null,now());
insert into comment (id,content, post_id, comment_id, user_id) values (89,"为子彭打call啊啊啊啊啊啊啊啊！",45,44 ,null,now());
insert into comment (id,content, post_id, comment_id, user_id) values (90,"为子彭打call啊啊啊啊啊啊啊啊！",31,45 ,null,now());

insert into comment (id,content, post_id, comment_id, user_id) values (91,"为宏渺打call啊啊啊啊啊啊啊啊！",46,null ,47,now());
insert into comment (id,content, post_id, comment_id, user_id) values (92,"为宏渺打call啊啊啊啊啊啊啊啊！",47,null ,48,now());
insert into comment (id,content, post_id, comment_id, user_id) values (93,"为宏渺打call啊啊啊啊啊啊啊啊！",48,null ,49,now());
insert into comment (id,content, post_id, comment_id, user_id) values (94,"为宏渺打call啊啊啊啊啊啊啊啊！",49,null ,50,now());
insert into comment (id,content, post_id, comment_id, user_id) values (95,"为宏渺打call啊啊啊啊啊啊啊啊！",50,null ,51,now());
insert into comment (id,content, post_id, comment_id, user_id) values (96,"为宏渺打call啊啊啊啊啊啊啊啊！",51,null ,52,now());
insert into comment (id,content, post_id, comment_id, user_id) values (97,"为宏渺打call啊啊啊啊啊啊啊啊！",52,null ,53,now());
insert into comment (id,content, post_id, comment_id, user_id) values (98,"为宏渺打call啊啊啊啊啊啊啊啊！",53,null ,54,now());
insert into comment (id,content, post_id, comment_id, user_id) values (99,"为宏渺打call啊啊啊啊啊啊啊啊！",54,null ,55,now());
insert into comment (id,content, post_id, comment_id, user_id) values (100,"为宏渺打call啊啊啊啊啊啊啊啊！",55,null ,56,now());
insert into comment (id,content, post_id, comment_id, user_id) values (101,"为宏渺打call啊啊啊啊啊啊啊啊！",56,null ,57,now());
insert into comment (id,content, post_id, comment_id, user_id) values (102,"为宏渺打call啊啊啊啊啊啊啊啊！",57,null ,58,now());
insert into comment (id,content, post_id, comment_id, user_id) values (103,"为宏渺打call啊啊啊啊啊啊啊啊！",58,null ,59,now());
insert into comment (id,content, post_id, comment_id, user_id) values (104,"为宏渺打call啊啊啊啊啊啊啊啊！",59,null ,60,now());
insert into comment (id,content, post_id, comment_id, user_id) values (105,"为宏渺打call啊啊啊啊啊啊啊啊！",60,null ,46,now());

insert into comment (id,content, post_id, comment_id, user_id) values (106,"为宏渺打call啊啊啊啊啊啊啊啊！",47,46 ,null ,now());
insert into comment (id,content, post_id, comment_id, user_id) values (107,"为宏渺打call啊啊啊啊啊啊啊啊！",48,47 ,null,now());
insert into comment (id,content, post_id, comment_id, user_id) values (108,"为宏渺打call啊啊啊啊啊啊啊啊！",49,48,null,now());
insert into comment (id,content, post_id, comment_id, user_id) values (109,"为宏渺打call啊啊啊啊啊啊啊啊！",50,49,null,now());
insert into comment (id,content, post_id, comment_id, user_id) values (110,"为宏渺打call啊啊啊啊啊啊啊啊！",51,50,null,now());
insert into comment (id,content, post_id, comment_id, user_id) values (111,"为宏渺打call啊啊啊啊啊啊啊啊！",52,51,null,now());
insert into comment (id,content, post_id, comment_id, user_id) values (112,"为宏渺打call啊啊啊啊啊啊啊啊！",53,52,null,now());
insert into comment (id,content, post_id, comment_id, user_id) values (113,"为宏渺打call啊啊啊啊啊啊啊啊！",54,53,null,now());
insert into comment (id,content, post_id, comment_id, user_id) values (114,"为宏渺打call啊啊啊啊啊啊啊啊！",55,54,null,now());
insert into comment (id,content, post_id, comment_id, user_id) values (115,"为宏渺打call啊啊啊啊啊啊啊啊！",56,55,null,now());
insert into comment (id,content, post_id, comment_id, user_id) values (116,"为宏渺打call啊啊啊啊啊啊啊啊！",57,56 ,null,now());
insert into comment (id,content, post_id, comment_id, user_id) values (117,"为宏渺打call啊啊啊啊啊啊啊啊！",58,57 ,null,now());
insert into comment (id,content, post_id, comment_id, user_id) values (118,"为宏渺打call啊啊啊啊啊啊啊啊！",59,58 ,null,now());
insert into comment (id,content, post_id, comment_id, user_id) values (119,"为宏渺打call啊啊啊啊啊啊啊啊！",60,59 ,null,now());
insert into comment (id,content, post_id, comment_id, user_id) values (120,"为宏渺打call啊啊啊啊啊啊啊啊！",46,60 ,null,now());

insert into user_fans(fllow_id, fllowed_id) values (1,2);
insert into user_fans(fllow_id, fllowed_id) values (1,3);
insert into user_fans(fllow_id, fllowed_id) values (1,4);
insert into user_fans(fllow_id, fllowed_id) values (1,5);
insert into user_fans(fllow_id, fllowed_id) values (1,6);
insert into user_fans(fllow_id, fllowed_id) values (1,7);
insert into user_fans(fllow_id, fllowed_id) values (1,8);
insert into user_fans(fllow_id, fllowed_id) values (1,9);
insert into user_fans(fllow_id, fllowed_id) values (1,10);
insert into user_fans(fllow_id, fllowed_id) values (1,11);
insert into user_fans(fllow_id, fllowed_id) values (1,12);
insert into user_fans(fllow_id, fllowed_id) values (1,13);
insert into user_fans(fllow_id, fllowed_id) values (1,14);
insert into user_fans(fllow_id, fllowed_id) values (1,15);

insert into user_black (black_id, blacked_id) values (1,16);
insert into user_black (black_id, blacked_id) values (1,17);
insert into user_black (black_id, blacked_id) values (1,18);
insert into user_black (black_id, blacked_id) values (1,19);
insert into user_black (black_id, blacked_id) values (1,20);
insert into user_black (black_id, blacked_id) values (1,21);
insert into user_black (black_id, blacked_id) values (1,22);
insert into user_black (black_id, blacked_id) values (1,23);
insert into user_black (black_id, blacked_id) values (1,24);
insert into user_black (black_id, blacked_id) values (1,25);
insert into user_black (black_id, blacked_id) values (1,26);
insert into user_black (black_id, blacked_id) values (1,27);
insert into user_black (black_id, blacked_id) values (1,28);
insert into user_black (black_id, blacked_id) values (1,29);
insert into user_black (black_id, blacked_id) values (1,30);

insert into user_collection (user_id, post_id) values (1,1);
insert into user_collection (user_id, post_id) values (1,2);
insert into user_collection (user_id, post_id) values (1,3);
insert into user_collection (user_id, post_id) values (1,4);
insert into user_collection (user_id, post_id) values (1,5);
insert into user_collection (user_id, post_id) values (1,6);
insert into user_collection (user_id, post_id) values (1,7);
insert into user_collection (user_id, post_id) values (1,8);
insert into user_collection (user_id, post_id) values (1,9);
insert into user_collection (user_id, post_id) values (1,10);
insert into user_collection (user_id, post_id) values (1,11);
insert into user_collection (user_id, post_id) values (1,12);
insert into user_collection (user_id, post_id) values (1,13);
insert into user_collection (user_id, post_id) values (1,14);
insert into user_collection (user_id, post_id) values (1,15);

insert into user_report(user_id, post_id, reason) VALUES (1,16,"贺湧钧粉丝破坏论坛风气");
insert into user_report(user_id, post_id, reason) VALUES (1,17,"贺湧钧粉丝破坏论坛风气");
insert into user_report(user_id, post_id, reason) VALUES (1,18,"贺湧钧粉丝破坏论坛风气");
insert into user_report(user_id, post_id, reason) VALUES (1,19,"贺湧钧粉丝破坏论坛风气");
insert into user_report(user_id, post_id, reason) VALUES (1,20,"贺湧钧粉丝破坏论坛风气");
insert into user_report(user_id, post_id, reason) VALUES (1,21,"贺湧钧粉丝破坏论坛风气");
insert into user_report(user_id, post_id, reason) VALUES (1,22,"贺湧钧粉丝破坏论坛风气");
insert into user_report(user_id, post_id, reason) VALUES (1,23,"贺湧钧粉丝破坏论坛风气");
insert into user_report(user_id, post_id, reason) VALUES (1,24,"贺湧钧粉丝破坏论坛风气");
insert into user_report(user_id, post_id, reason) VALUES (1,25,"贺湧钧粉丝破坏论坛风气");
insert into user_report(user_id, post_id, reason) VALUES (1,26,"贺湧钧粉丝破坏论坛风气");
insert into user_report(user_id, post_id, reason) VALUES (1,27,"贺湧钧粉丝破坏论坛风气");
insert into user_report(user_id, post_id, reason) VALUES (1,28,"贺湧钧粉丝破坏论坛风气");
insert into user_report(user_id, post_id, reason) VALUES (1,29,"贺湧钧粉丝破坏论坛风气");

insert into user_word (user_id, word) values (1,"call");
insert into user_word (user_id, word) values (2,"call");
insert into user_word (user_id, word) values (3,"call");
insert into user_word (user_id, word) values (4,"call");
insert into user_word (user_id, word) values (5,"call");
insert into user_word (user_id, word) values (6,"call");
insert into user_word (user_id, word) values (7,"call");
insert into user_word (user_id, word) values (8,"call");
insert into user_word (user_id, word) values (9,"call");
insert into user_word (user_id, word) values (10,"call");
insert into user_word (user_id, word) values (11,"call");
insert into user_word (user_id, word) values (12,"call");


insert into user_like (user_id, post_id) values (1,1);
insert into user_like (user_id, post_id) values (1,2);
insert into user_like (user_id, post_id) values (1,3);
insert into user_like (user_id, post_id) values (1,4);
insert into user_like (user_id, post_id) values (1,5);
insert into user_like (user_id, post_id) values (1,6);
insert into user_like (user_id, post_id) values (1,7);
insert into user_like (user_id, post_id) values (1,8);
insert into user_like (user_id, post_id) values (1,9);
insert into user_like (user_id, post_id) values (1,10);
insert into user_like (user_id, post_id) values (1,11);
insert into user_like (user_id, post_id) values (1,12);
insert into user_like (user_id, post_id) values (1,13);
insert into user_like (user_id, post_id) values (1,14);
insert into user_like (user_id, post_id) values (1,15);

insert into user_unlike (user_id, post_id) values (1,1);
insert into user_unlike (user_id, post_id) values (1,2);
insert into user_unlike (user_id, post_id) values (1,3);
insert into user_unlike (user_id, post_id) values (1,4);
insert into user_unlike (user_id, post_id) values (1,5);
insert into user_unlike (user_id, post_id) values (1,6);
insert into user_unlike (user_id, post_id) values (1,7);
insert into user_unlike (user_id, post_id) values (1,8);
insert into user_unlike (user_id, post_id) values (1,9);
insert into user_unlike (user_id, post_id) values (1,10);
insert into user_unlike (user_id, post_id) values (1,11);
insert into user_unlike (user_id, post_id) values (1,12);
insert into user_unlike (user_id, post_id) values (1,13);
insert into user_unlike (user_id, post_id) values (1,14);
insert into user_unlike (user_id, post_id) values (1,15);

insert into mask_word (word) values ("骂人的话");

insert into admin_section(user_id, partition_id) VALUES (1,1);
insert into admin_section(user_id, partition_id) VALUES (16,2);
insert into admin_section(user_id, partition_id) VALUES (31,3);
insert into admin_section(user_id, partition_id) VALUES (46,4);

insert into admin_partition(user_id, partition_id) VALUES (1,1);

